net.jforum.actions.interceptors.MethodSecurityInterceptor,net.jforum.actions.interceptors.SecurityInterceptor,Extends
net.jforum.actions.interceptors.ControllerSecurityInterceptor,net.jforum.actions.interceptors.SecurityInterceptor,Extends
net.jforum.controllers.CategoryAdminControllerTestCase,net.jforum.controllers.AdminTestCase,Extends
net.jforum.controllers.AvatarAdminControllerTestCase,net.jforum.controllers.AdminTestCase,Extends
net.jforum.controllers.RankingAdminControllerTestCase,net.jforum.controllers.AdminTestCase,Extends
net.jforum.controllers.UserAdminControllerTestCase,net.jforum.controllers.AdminTestCase,Extends
net.jforum.controllers.BanlistAdminControllerTestCase,net.jforum.controllers.AdminTestCase,Extends
net.jforum.controllers.SmilieAdminControllerTestCase,net.jforum.controllers.AdminTestCase,Extends
net.jforum.controllers.AdminControllerTestCase,net.jforum.controllers.AdminTestCase,Extends
net.jforum.controllers.BadWordControllerActionsTestCase,net.jforum.controllers.AdminTestCase,Extends
net.jforum.controllers.GroupAdminControllerTestCase,net.jforum.controllers.AdminTestCase,Extends
net.jforum.controllers.ForumAdminControllerTestCase,net.jforum.controllers.AdminTestCase,Extends
net.jforum.core.events.category.NewCategoryGroupPermissionsEvent,net.jforum.events.EmptyCategoryEvent,Extends
net.jforum.core.events.forum.NewForumGroupPermissionsEvent,net.jforum.events.EmptyForumEvent,Extends
net.jforum.core.events.post.ForumPostEvent,net.jforum.events.EmptyPostEvent,Extends
net.jforum.core.events.post.BadWordEvent,net.jforum.events.EmptyPostEvent,Extends
net.jforum.core.events.post.TopicPostEvent,net.jforum.events.EmptyPostEvent,Extends
net.jforum.core.events.post.TopicReplyEvent,net.jforum.events.EmptyPostEvent,Extends
net.jforum.core.events.post.TopicWatchPostEvent,net.jforum.events.EmptyPostEvent,Extends
net.jforum.core.events.topic.ForumTopicEvent,net.jforum.events.EmptyTopicEvent,Extends
net.jforum.core.events.topic.TopicWatchTopicEvent,net.jforum.events.EmptyTopicEvent,Extends
net.jforum.core.tags.SettingsTag,net.jforum.core.tags.JForumTag,Extends
net.jforum.core.tags.URLTag,net.jforum.core.tags.JForumTag,Extends
net.jforum.core.tags.ImportFileTag,net.jforum.core.tags.JForumTag,Extends
net.jforum.core.tags.I18nTag,net.jforum.core.tags.JForumTag,Extends
net.jforum.core.tags.DisplayCategoriesTag,net.jforum.core.tags.JForumTag,Extends
net.jforum.core.tags.FormatSignatureTag,net.jforum.core.tags.JForumTag,Extends
net.jforum.core.tags.TemplateResourceTag,net.jforum.core.tags.JForumTag,Extends
net.jforum.core.tags.DisplayFormattedMessageTag,net.jforum.core.tags.JForumTag,Extends
net.jforum.core.tags.DisplayForumsTag,net.jforum.core.tags.JForumTag,Extends
net.jforum.util.mail.LostPasswordSpammer,net.jforum.util.mail.Spammer,Extends
net.jforum.util.mail.ActivationKeySpammer,net.jforum.util.mail.Spammer,Extends
net.jforum.util.mail.TopicReplySpammer,net.jforum.util.mail.Spammer,Extends
net.jforum.util.mail.PrivateMessageSpammer,net.jforum.util.mail.Spammer,Extends
net.jforum.util.mail.TopicReplySpammerTestCase,net.jforum.util.mail.MailTestCase,Extends
net.jforum.util.mail.LostPasswordSpammerTestCase,net.jforum.util.mail.MailTestCase,Extends
net.jforum.bbcode.IMG_TestCase,net.jforum.bbcode.TagBaseTest,Extends
net.jforum.bbcode.Color_TestCase,net.jforum.bbcode.TagBaseTest,Extends
net.jforum.bbcode.DescriptiveUrl_TestCase,net.jforum.bbcode.TagBaseTest,Extends
net.jforum.bbcode.I_TestCase,net.jforum.bbcode.TagBaseTest,Extends
net.jforum.bbcode.U_TestCase,net.jforum.bbcode.TagBaseTest,Extends
net.jforum.bbcode.Google_TestCase,net.jforum.bbcode.TagBaseTest,Extends
net.jforum.bbcode.B_TestCase,net.jforum.bbcode.TagBaseTest,Extends
net.jforum.bbcode.AutoEmail_TestCase,net.jforum.bbcode.TagBaseTest,Extends
net.jforum.bbcode.YouTube_TestCase,net.jforum.bbcode.TagBaseTest,Extends
net.jforum.bbcode.SimpleUrl_TestCase,net.jforum.bbcode.TagBaseTest,Extends
net.jforum.bbcode.Size_TestCase,net.jforum.bbcode.TagBaseTest,Extends
net.jforum.extensions.PostReportCounterOperation,net.jforum.extensions.RequestOperation,Implements
net.jforum.formatters.SmiliesFormatter,net.jforum.formatters.Formatter,Implements
net.jforum.formatters.BBConfigFormatter,net.jforum.formatters.Formatter,Implements
net.jforum.formatters.NewLineToHtmlBreakFormatter,net.jforum.formatters.Formatter,Implements
net.jforum.formatters.SafeHtmlTagsFormatter,net.jforum.formatters.Formatter,Implements
net.jforum.formatters.HtmlEntitiesFormatter,net.jforum.formatters.Formatter,Implements
net.jforum.formatters.SafeHtmlAttributesFormatter,net.jforum.formatters.Formatter,Implements
net.jforum.security.DownloadAttachmentRule,net.jforum.security.AccessRule,Implements
net.jforum.security.CreateNewTopicRule,net.jforum.security.AccessRule,Implements
net.jforum.security.AdministrationRule,net.jforum.security.AccessRule,Implements
net.jforum.security.PrivateMessageEnabledRule,net.jforum.security.AccessRule,Implements
net.jforum.security.PrivateMessageOwnerRule,net.jforum.security.AccessRule,Implements
net.jforum.security.AuthenticatedRule,net.jforum.security.AccessRule,Implements
net.jforum.security.EditUserRule,net.jforum.security.AccessRule,Implements
net.jforum.security.EmptyRule,net.jforum.security.AccessRule,Implements
net.jforum.security.AccessForumRule,net.jforum.security.AccessRule,Implements
net.jforum.security.ModerationRule,net.jforum.security.AccessRule,Implements
net.jforum.security.ChangePostRule,net.jforum.security.AccessRule,Implements
net.jforum.security.ReplyTopicRule,net.jforum.security.AccessRule,Implements
net.jforum.sso.DefaultLoginAuthenticator,net.jforum.sso.LoginAuthenticator,Implements
net.jforum.sso.RemoteUserSSO,net.jforum.sso.SSO,Implements
